group,q_id,title,image,answer,correct_option
1,17,驾驶机动车与行人之间发生交通事故造成人身伤亡、财产损失的， 机动车—方没有过错的，不承担赔偿责任。,,B,错误
1,570,驾驶机动车与行人之间发生交通事故造成人身伤亡、财产损失的， 机动车—方没有过错的，不承担赔偿责任。,,B,错误
2,99,在学习驾驶证明有效期内，申请人科目三道路驾驶技能考试五次考试不合格，已考试合格的其他科目成绩作废。,,A,正确
2,1066,在学习驾驶证明有效期内，申请人科目三道路驾驶技能考试五次考试不合格，已考试合格的其他科目成绩作废。,,A,正确
3,198,机动车驾驶人造成致人轻伤以上或者死亡的交通事故后逃逸，尚不构成犯罪的，—次记12分。,,A,正确
3,809,机动车驾驶人造成致人轻伤以上或者死亡的交通事故后逃逸，尚不构成犯罪的，—次记12分。,,A,正确
4,230,驾驶机动车在道路上掉头时， 应当提前开启左转向灯。,,A,正确
4,368,驾驶机动车在道路上掉头时， 应当提前开启左转向灯。,,A,正确
5,237,夜间在道路上会车时，距离对向来车多远将远光灯改用近光灯？,,B,150米以外
5,1932,夜间在道路上会车时，距离对向来车多远将远光灯改用近光灯？,,B,150米以外
6,306,如图所示，A车具有优先通行权。,image67.jpeg,A,正确
6,1730,如图所示，A车具有优先通行权。,image67.jpeg,A,正确
7,352,驾驶小型汽车在高速公路、城市快速路上行驶超过规定时速50%以上的，—次记多少分？,,D,12分
7,875,驾驶小型汽车在高速公路、城市快速路上行驶超过规定时速50%以上的，—次记多少分？,,D,12分
8,420,这个标志是何含义？,image127.png,B,提醒车辆驾驶人前方有向上的陡坡路段
8,1299,这个标志是何含义？,image127.png,B,提醒车辆驾驶人前方有向上的陡坡路段
9,573,机动车在道路上发生故障，需要停车排除时，驾驶人应该怎么办？,,C,将车停到不妨碍交通的地方
9,1903,机动车在道路上发生故障，需要停车排除时，驾驶人应该怎么办？,,C,将车停到不妨碍交通的地方
10,759,初次申请机动车驾驶证或者申请增加准驾车型的，科目—考试合格后，车辆管理所应当在3日内核发学习驾驶证明。,,B,错误
10,953,初次申请机动车驾驶证或者申请增加准驾车型的，科目—考试合格后，车辆管理所应当在3日内核发学习驾驶证明。,,B,错误
11,799,以下哪项不属于轻型牵引挂车科目二考试内容？,,A,侧方停车
11,853,以下哪项不属于轻型牵引挂车科目二考试内容？,,A,侧方停车
12,1005,组织、参与实施以欺骗、贿赂等不正当手段取得机动车驾驶证并牟取经济利益的，由公安机关交通管理部门处违法所得三倍以上五倍以下罚款，但最高不超过十万元。,,A,正确
12,2244,组织、参与实施以欺骗、贿赂等不正当手段取得机动车驾驶证并牟取经济利益的，由公安机关交通管理部门处违法所得三倍以上五倍以下罚款，但最高不超过十万元。,,A,正确
12,2255,组织、参与实施以欺骗、贿赂等不正当手段取得机动车驾驶证并牟取经济利益的，由公安机关交通管理部门处违法所得三倍以上五倍以下罚款，但最高不超过十万元。,,A,正确
12,2265,组织、参与实施以欺骗、贿赂等不正当手段取得机动车驾驶证并牟取经济利益的，由公安机关交通管理部门处违法所得三倍以上五倍以下罚款，但最高不超过十万元。,,A,正确
13,1069,申请大型客车驾驶证的申请人，应该在26周岁以上，50周岁以下。,,B,错误
13,2242,申请大型客车驾驶证的申请人，应该在26周岁以上，50周岁以下。,,B,错误
14,1268,这个标志的含义是前方即将行驶至Y型交叉路口？,image340.png,B,错误
14,1269,这个标志的含义是前方即将行驶至Y型交叉路口？,image340.png,B,错误
15,2158,申请人办理机动车登记提交的证明、凭证齐全、有效的，公安机关交通管理部门应当()办理登记手续。,,D,当场
15,2186,申请人办理机动车登记提交的证明、凭证齐全、有效的，公安机关交通管理部门应当（）办理登记手续。,,D,当场
16,2159,以下哪种情况需要办理变更登记？,,D,机动车所有人的住所迁出登记地车辆管理所管辖区域的
16,2187,以下哪种情况需要办理变更登记？,,D,机动车所有人的住所迁出登记地车辆管理所管辖区域的
17,2160,初次申领机动车号牌、行驶证的，应当向哪个车辆管理所申请？,,A,住所地车辆管理所
17,2188,初次申领机动车号牌、行驶证的，应当向哪个车辆管理所申请？,,A,住所地车辆管理所
18,2161,申请机动车注册登记时，以下哪项材料不需要提交,,D,行驶证
18,2189,申请机动车注册登记时，以下哪项材料不需要提交？,,D,行驶证
19,2162,以下哪种情况不需要办理变更登记？,,D,增加机动车内饰
19,2190,以下哪种情况不需要办理变更登记？,,D,增加机动车内饰
20,2163,已注册登记的机动车，以下哪种情况应向登记地车辆管理所申请备案？,,A,所有人电话号码变更的
20,2191,已注册登记的机动车，以下哪种情况应向登记地车辆管理所申请备案？,,A,所有人电话号码变更的
21,2164,已注册登记的机动车所有权发生转让的，现机动车所有人应当自交付之日起多少日内申请登记？,,C,三十日
21,2192,已注册登记的机动车所有权发生转让的，现机动车所有人应当自交付之日起多少日内申请登记？,,C,三十日
22,2165,申请转让登记的，以下哪种资料不需要提供？,,D,驾驶证
22,2193,申请转让登记的，以下哪种资料不需要提供？,,D,驾驶证
23,2166,以下哪种情形机动车所有人应申请办理注销登记？,,B,机动车已达到国家强制报废标准的
23,2194,以下哪种情形机动车所有人应申请办理注销登记？,,B,机动车已达到国家强制报废标准的
24,2167,机动车所有人的住所迁出、迁入车辆管理所管辖区域的，应当向登记地车辆管理所申请什么登记？,,D,变更
24,2195,机动车所有人的住所迁出、迁入车辆管理所管辖区域的，应当向登记地车辆管理所申请什么登记？,,D,变更
25,2168,机动车已达到国家强制报废标准的，申请注销登记时应将机动车怎么处理？,,A,交售给回收企业
25,2196,机动车已达到国家强制报废标准的，申请注销登记时应将机动车怎么处理？,,A,交售给回收企业
26,2170,办理机动车变更登记、转让登记或者注销登记后，原机动车所有人重新申请机动车登记时，若想使用原机动车号牌号码，应满足以下哪项条件？,,C,涉及原机动车的道路交通安全违法行为和交通事故处理完毕
26,2198,办理机动车变更登记、转让登记或者注销登记后，原机动车所有人重新申请机动车登记时，若想使用原机动车号牌号码，应满足以下哪项条件？,,C,涉及原机动车的道路交通安全违法行为和交通事故处理完毕
27,2171,车辆管理所收到机动车所有人补领、换领机动车号牌的申请后，自受理之日起多少日内补发、换发号牌？,,D,十五日
27,2199,车辆管理所收到机动车所有人补领、换领机动车号牌的申请后，自受理之日起多少日内补发、换发号牌？,,D,十五日
28,2172,补发、换发号牌期间，申请人可以申领有效期不超过多少日的临时行驶车号牌？,,D,十五日
28,2200,补发、换发号牌期间，申请人可以申领有效期不超过多少日的临时行驶车号牌？,,D,十五日
29,2173,以下哪种情形会被公安机关交通管理部门处警告或者二百元以下罚款？,,A,机动车喷涂、粘贴标识或者车身广告，影响安全驾驶的
29,2201,以下哪种情形会被公安机关交通管理部门处警告或者二百元以下罚款？,,A,机动车喷涂、粘贴标识或者车身广告，影响安全驾驶的
30,2174,机动车所有人联系方式变更的，应当在信息或者事项变更后多少日内，向登记地车辆管理所申请变更备案？,,D,三十日
30,2202,机动车所有人联系方式变更的，应当在信息或者事项变更后多少日内，向登记地车辆管理所申请变更备案？,,D,三十日
31,2175,因质量问题退车的，机动车所有人应当向哪个车辆管理所申请注销登记？,,C,登记地
31,2203,因质量问题退车的，机动车所有人应当向哪个车辆管理所申请注销登记？,,C,登记地
32,2176,机动车未达到国家强制报废标准，机动车所有人自愿报废的，机动车所有人应当向哪个车辆管理所申请注销登记？,,C,登记地
32,2204,机动车未达到国家强制报废标准，机动车所有人自愿报废的，机动车所有人应当向哪个车辆管理所申请注销登记？,,C,登记地
33,2177,现机动车所有人住所不在车辆管理所管辖区域内的，转出地车辆管理所应当自受理之日起多少日内，查验机动车？,,B,三日
33,2205,现机动车所有人住所不在车辆管理所管辖区域内的，转出地车辆管理所应当自受理之日起多少日内，查验机动车？,,B,三日
34,2178,机动车所有人收到机动车号牌之日起多少日后，临时行驶车号牌作废，不得继续使用？,,C,三日
34,2206,机动车所有人收到机动车号牌之日起多少日后，临时行驶车号牌作废，不得继续使用？,,C,三日
35,2179,未取得机动车驾驶证驾驶机动车，发生负同等以上责任交通事故造成人员重伤或者死亡未满多少年的，不得申请机动车驾驶证？,,D,十年
35,2207,未取得机动车驾驶证驾驶机动车，发生负同等以上责任交通事故造成人员重伤或者死亡未满多少年的，不得申请机动车驾驶证？,,D,十年
36,2180,驾驶机动车遇到窄桥路段，如相对方向的来车已经在桥上，应该怎么做？,,A,减速靠右让其先行
36,2208,驾驶机动车遇到窄桥路段，如相对方向的来车已经在桥上，应该怎么做？,,A,减速靠右让其先行
37,2181,驾驶机动车在道路上行驶突然熄火，以下错误的做法是什么？,,D,立即停车检修
37,2211,驾驶机动车在道路上行驶突然熄火，以下错误的做法是什么？,,D,立即停车检修
38,2182,驾驶机动车在道路上向右转弯时，以下说法正确的是？,,A,提前开启右转向灯
38,2212,驾驶机动车在道路上向右转弯时，以下说法正确的是？,,A,提前开启右转向灯
39,2183,以下哪个位置可以掉头？,,C,设有允许掉头标志
39,2209,以下哪个位置可以掉头？,,C,设有允许掉头标志
40,2184,下列说法正确的是什么？,,B,驶离高速公路进入匝道时，应提前开启右转向灯
40,2210,下列说法正确的是什么？,,B,驶离高速公路进入匝道时，应提前开启右转向灯
41,2185,车辆停稳后，为了避免车辆溜动，应当使用以下哪个装置？,,D,驻车制动器操作杆
41,2213,车辆停稳后，为了避免车辆溜动，应当使用以下哪个装置？,,D,驻车制动器操作杆
42,2266,再次饮酒后驾驶机动车的，不得申请大中型客车、大型货车。,,A,正确
42,2268,再次饮酒后驾驶机动车的，不得申请大中型客车、大型货车。,,A,正确
